Year,Present_Price,Kms_Driven,Fuel_Type,Seller_Type,Transmission,Owner,Selling_Price
2011,20.05,148184,CNG,Dealer,Automatic,0,6.79
2019,33.97,126789,Diesel,Individual,Automatic,1,26.22
2015,19.02,43890,Petrol,Dealer,Manual,0,11.08
2012,22.58,71017,Petrol,Individual,Manual,0,7.77
2011,24.81,137596,Diesel,Individual,Manual,2,7.39
2015,16.73,105424,Petrol,Individual,Manual,1,9.61
2015,22.52,20048,Petrol,Dealer,Automatic,0,12.81
2008,21.07,59912,CNG,Individual,Manual,1,1.76
2012,31.69,39008,Petrol,Dealer,Automatic,1,12.71
2007,3.02,136132,Diesel,Dealer,Automatic,1,1.25
2006,10.91,88559,CNG,Dealer,Manual,0,0.65
2016,33.34,60337,Petrol,Individual,Manual,3,18.93
2010,31.32,115616,Petrol,Dealer,Manual,0,9.38
2006,16.76,18350,Petrol,Dealer,Manual,0,1.37
2005,22.27,29354,Diesel,Dealer,Automatic,0,1.86
2016,10.79,50186,Diesel,Individual,Manual,0,6.82
2016,7.8,33145,Diesel,Individual,Manual,1,4.72
2021,17.03,91123,Petrol,Individual,Manual,0,14.05
2014,13.34,25581,Diesel,Dealer,Automatic,0,7.8
2020,21.05,93929,CNG,Dealer,Manual,2,15.12
2019,4.1,28051,Diesel,Individual,Automatic,0,4.58
2019,34.14,56474,CNG,Dealer,Manual,0,25.68
2016,34.54,96748,Diesel,Dealer,Automatic,0,20.64
2007,24.89,130995,Diesel,Individual,Automatic,0,4.05
2009,19.46,74626,Diesel,Individual,Manual,0,5.05
2011,11.87,11960,Petrol,Individual,Manual,1,3.37
2013,28.76,41408,Petrol,Individual,Automatic,0,13.82
2011,24.44,99006,Diesel,Individual,Manual,0,8.52
2022,6.95,62134,Petrol,Dealer,Automatic,1,6.35
2008,32.02,137413,Diesel,Dealer,Manual,1,5.58
2018,29.05,95327,CNG,Individual,Automatic,0,19.36
2022,33.32,136410,Diesel,Dealer,Automatic,1,28.88
2013,25.81,148326,Petrol,Individual,Automatic,0,11.93
2006,22.05,16344,Petrol,Dealer,Manual,0,2.28
2019,15.51,137822,Petrol,Dealer,Manual,1,10.81
2011,32.75,72957,Diesel,Individual,Manual,0,11.68
2016,30.51,110423,Diesel,Individual,Manual,2,17.58
2012,3.01,63053,CNG,Individual,Manual,0,1.47
2019,2.38,82454,Petrol,Dealer,Manual,1,1.24
2007,14.11,95600,CNG,Individual,Automatic,0,2.96
2018,28.65,127732,Diesel,Dealer,Manual,1,19.62
2021,34.57,42641,Petrol,Dealer,Manual,1,28.59
2008,6.54,34711,Diesel,Dealer,Manual,1,1.35
2022,21.4,75342,Petrol,Dealer,Manual,0,18.38
2012,14.26,111896,Petrol,Dealer,Manual,1,4.52
2008,33.99,148254,Diesel,Individual,Automatic,1,6.96
2006,29.71,92833,Petrol,Individual,Automatic,1,2.91
2010,29.58,61276,Diesel,Individual,Manual,1,8.6
2014,17.2,24541,Diesel,Dealer,Manual,1,7.74
2008,15.4,99457,Diesel,Individual,Automatic,0,4.16
2022,10.66,49813,Petrol,Individual,Manual,0,9.85
2016,3.39,144892,Petrol,Individual,Manual,0,2.3
2006,30.47,29070,Diesel,Dealer,Manual,0,3.67
2014,28.73,147194,Petrol,Dealer,Manual,3,12.43
2008,34.99,85559,Petrol,Dealer,Manual,1,5.56
2018,34.89,46786,Petrol,Dealer,Manual,3,23.88
2020,20.11,142809,Diesel,Dealer,Manual,0,16.02
2019,27.26,41062,Petrol,Individual,Automatic,2,20.26
2012,33.15,56571,Diesel,Dealer,Manual,1,12.92
2018,29.96,30510,Diesel,Dealer,Automatic,1,21.43
2012,9.79,24426,Petrol,Dealer,Automatic,1,4.51
2020,16.59,42265,Petrol,Dealer,Manual,0,12.45
2017,5.83,71150,CNG,Dealer,Manual,1,4.01
2022,33.46,92312,Diesel,Dealer,Manual,1,30.6
2019,21.81,94613,CNG,Dealer,Manual,0,15.67
2017,9.16,79910,Diesel,Individual,Automatic,0,6.24
2013,24.0,57375,Petrol,Individual,Manual,2,8.5
2019,22.21,126826,Petrol,Dealer,Automatic,2,15.17
2017,13.5,40435,Petrol,Dealer,Manual,3,7.81
2005,5.3,101443,Petrol,Individual,Manual,1,0.5
2011,24.0,139055,Petrol,Dealer,Manual,0,8.0
2013,18.93,28510,Petrol,Dealer,Manual,0,7.27
2005,27.37,99071,Petrol,Individual,Manual,0,0.64
2016,18.93,11640,Diesel,Dealer,Manual,0,12.62
2012,30.05,49547,Diesel,Individual,Manual,0,12.21
2015,19.99,59620,Petrol,Dealer,Manual,0,9.93
2021,20.29,120608,Diesel,Dealer,Automatic,0,17.78
2012,30.87,12564,Petrol,Dealer,Manual,2,11.02
2007,15.02,118824,Diesel,Individual,Automatic,0,3.06
2007,5.99,84273,Petrol,Dealer,Automatic,2,0.5
2005,2.46,79859,CNG,Dealer,Automatic,1,0.5
2009,26.8,115017,Diesel,Individual,Manual,0,5.89
2014,22.28,128618,Petrol,Dealer,Automatic,0,10.93
2011,25.09,130341,Petrol,Dealer,Manual,0,8.78
2013,8.63,34430,Petrol,Individual,Manual,0,2.9
2011,6.07,32788,Petrol,Dealer,Manual,1,0.96
2013,1.99,149991,Petrol,Individual,Automatic,0,0.97
2012,13.24,74346,Diesel,Individual,Manual,0,5.6
2016,21.26,101122,Petrol,Individual,Automatic,0,12.66
2006,14.64,44974,Diesel,Dealer,Manual,3,0.5
2005,16.16,112309,CNG,Individual,Automatic,1,0.87
2020,31.79,21371,Petrol,Dealer,Automatic,1,26.13
2009,13.17,50084,Diesel,Individual,Manual,0,2.9
2007,18.72,66916,Petrol,Dealer,Automatic,1,2.99
2016,27.75,78972,Diesel,Dealer,Manual,1,17.26
2012,14.78,17984,Petrol,Dealer,Manual,1,5.35
2007,22.34,38039,CNG,Individual,Manual,3,1.31
2005,30.39,90431,Diesel,Individual,Manual,0,0.89
2007,33.31,88691,Petrol,Dealer,Manual,2,3.66
2009,6.43,63606,Petrol,Dealer,Manual,2,1.11
2019,32.54,146688,Diesel,Individual,Manual,0,24.15
2018,17.99,107665,Diesel,Dealer,Automatic,0,13.37
2007,10.15,110373,Petrol,Dealer,Automatic,3,0.5
2005,16.88,29574,Petrol,Individual,Automatic,0,1.99
2009,34.33,139502,Diesel,Dealer,Automatic,1,8.0
2018,18.0,148748,Petrol,Individual,Automatic,3,11.05
2011,12.51,146888,CNG,Dealer,Manual,1,3.62
2013,22.72,37733,Petrol,Dealer,Manual,0,8.81
2019,9.54,7050,Petrol,Dealer,Automatic,1,7.52
2019,4.04,114996,Diesel,Individual,Manual,0,2.33
2014,5.82,38933,Petrol,Dealer,Manual,1,2.33
2017,5.79,29951,Petrol,Individual,Manual,0,3.4
2011,6.59,37413,Petrol,Dealer,Manual,1,2.98
2021,6.15,117573,Petrol,Individual,Manual,1,4.0
2008,22.97,140566,Diesel,Dealer,Manual,1,5.1
2009,7.59,127744,Petrol,Dealer,Manual,1,1.21
2011,13.08,94431,Diesel,Individual,Manual,1,3.72
2017,31.54,48001,Diesel,Dealer,Manual,1,20.56
2019,17.38,72364,Diesel,Dealer,Manual,0,12.99
2015,23.86,129988,Petrol,Individual,Automatic,1,12.92
2008,7.27,50028,Petrol,Dealer,Manual,0,0.78
2017,7.94,136878,CNG,Individual,Manual,2,4.69
2011,2.87,129343,Diesel,Dealer,Automatic,0,2.11
2006,7.16,133301,Diesel,Individual,Manual,0,0.57
2014,10.83,131295,Petrol,Dealer,Manual,1,5.4
2017,7.43,39636,Petrol,Dealer,Manual,0,4.68
2010,4.47,29262,Diesel,Individual,Automatic,0,3.05
2016,5.54,85435,Diesel,Individual,Manual,1,3.02
2016,16.94,133583,Diesel,Dealer,Manual,1,9.83
2015,8.41,46844,Diesel,Dealer,Automatic,1,5.14
2011,13.7,69754,Diesel,Individual,Manual,0,5.0
2005,18.36,82129,Petrol,Dealer,Manual,1,0.5
2005,24.63,45042,Petrol,Individual,Manual,0,0.6
2017,2.82,66665,Petrol,Individual,Manual,1,0.86
2013,28.28,121953,Petrol,Dealer,Manual,1,11.59
2007,22.53,123533,Diesel,Dealer,Manual,1,3.0
2011,4.24,78781,Petrol,Individual,Automatic,0,1.77
2010,30.76,71262,Petrol,Dealer,Manual,0,9.58
2012,32.35,51600,Petrol,Dealer,Manual,0,13.19
2013,3.55,81898,Petrol,Individual,Manual,0,1.07
2009,10.78,35448,Petrol,Dealer,Manual,0,3.35
2005,28.51,31172,Petrol,Individual,Manual,1,1.99
2014,26.57,12657,Diesel,Dealer,Automatic,0,13.2
2016,7.68,117855,Petrol,Dealer,Manual,2,3.78
2019,8.51,12906,Diesel,Dealer,Automatic,0,7.1
2013,13.91,66413,Petrol,Dealer,Automatic,1,6.71
2021,17.73,59028,Petrol,Dealer,Manual,1,15.12
2021,22.21,12287,Petrol,Dealer,Automatic,0,18.99
2016,13.86,38660,Diesel,Individual,Manual,0,7.51
2011,16.99,65504,Diesel,Dealer,Manual,1,6.22
2006,26.54,107979,Petrol,Dealer,Manual,0,2.2
2007,2.73,39701,Petrol,Dealer,Manual,2,0.5
2021,9.96,88300,Diesel,Dealer,Manual,1,9.64
2009,25.4,88560,Petrol,Dealer,Manual,2,5.48
2021,31.49,48642,Petrol,Dealer,Manual,0,26.93
2021,18.64,70160,Diesel,Dealer,Manual,1,16.41
2021,19.33,22602,Diesel,Dealer,Manual,1,16.07
2006,5.09,108320,Petrol,Dealer,Automatic,1,0.5
2006,16.49,93801,CNG,Individual,Automatic,0,1.09
2009,19.34,30931,Diesel,Dealer,Manual,1,4.42
2005,9.62,99377,Petrol,Dealer,Manual,0,0.5
2005,10.52,34192,Diesel,Individual,Automatic,1,0.5
2006,14.14,51542,Diesel,Dealer,Automatic,0,1.97
2016,2.17,132015,Petrol,Individual,Automatic,2,0.5
2010,12.29,47520,Petrol,Dealer,Manual,0,3.53
2008,8.58,69772,Petrol,Dealer,Manual,1,1.31
2015,12.47,55106,Diesel,Dealer,Manual,2,6.73
2021,5.51,86121,Petrol,Dealer,Manual,1,4.45
2010,31.33,30559,Diesel,Individual,Automatic,1,10.87
2009,21.39,110595,Diesel,Dealer,Automatic,0,6.36
2006,24.25,38742,Petrol,Individual,Manual,3,2.16
2010,27.94,74669,Diesel,Dealer,Automatic,0,9.28
2015,18.2,140044,Petrol,Dealer,Manual,1,8.81
2020,4.41,75831,Diesel,Dealer,Manual,1,3.61
2020,19.49,117217,Diesel,Dealer,Manual,1,14.98
2005,21.16,46873,Petrol,Dealer,Automatic,0,2.64
2013,26.47,111532,Petrol,Individual,Manual,1,11.63
2010,15.96,131267,Petrol,Individual,Automatic,1,4.88
2020,5.77,145975,Petrol,Dealer,Automatic,0,4.66
2007,11.01,139092,Petrol,Individual,Manual,2,0.5
2008,13.66,46755,Petrol,Individual,Manual,0,2.92
2007,23.14,90956,CNG,Individual,Automatic,0,3.04
2011,20.62,91988,Petrol,Dealer,Manual,0,7.68
2013,13.43,50648,Petrol,Individual,Automatic,0,6.38
2005,34.55,130991,Diesel,Dealer,Automatic,2,1.66
2012,21.79,145588,Petrol,Individual,Manual,0,7.44
2011,9.45,120005,CNG,Dealer,Manual,0,3.14
2022,4.91,7396,Diesel,Dealer,Automatic,0,5.31
2012,6.62,89082,Diesel,Individual,Manual,1,2.69
2005,9.74,133322,Petrol,Dealer,Manual,1,0.5
2015,6.88,137663,Petrol,Individual,Manual,0,2.71
2022,7.75,16303,Petrol,Individual,Manual,0,6.22
2014,11.05,76719,Diesel,Individual,Automatic,2,6.46
2007,7.31,104616,Petrol,Dealer,Automatic,0,1.16
2011,31.54,129165,Petrol,Individual,Manual,0,10.53
2020,4.19,91231,CNG,Dealer,Manual,0,3.19
2020,19.07,12314,Petrol,Dealer,Manual,1,14.04
2021,15.25,24623,Petrol,Individual,Automatic,0,13.82
2006,34.41,110228,Petrol,Dealer,Manual,1,2.55
2005,5.25,102624,CNG,Dealer,Manual,0,0.5
2020,14.83,116785,Petrol,Individual,Manual,3,9.39
2016,33.98,91206,Diesel,Dealer,Manual,0,20.8
2009,30.49,74274,Diesel,Dealer,Automatic,1,8.73
2009,28.87,138541,Petrol,Individual,Manual,0,6.63
2013,10.14,58947,Diesel,Dealer,Manual,0,3.91
2013,7.22,53874,Petrol,Individual,Manual,1,1.95
2007,23.9,54708,Petrol,Individual,Automatic,0,3.75
2020,32.63,79553,Diesel,Individual,Manual,2,26.35
2020,20.15,73344,Diesel,Individual,Manual,2,15.31
2007,20.65,54138,Diesel,Dealer,Manual,2,2.25
2005,10.88,52638,Petrol,Dealer,Automatic,0,0.5
2015,27.28,83249,Petrol,Individual,Manual,1,13.79
2021,7.77,110865,Petrol,Individual,Manual,0,5.31
2012,12.34,7719,Petrol,Dealer,Manual,2,3.5
2008,15.75,47534,Petrol,Dealer,Automatic,1,3.28
2010,18.5,97241,Petrol,Dealer,Manual,1,4.42
2012,9.62,131209,Petrol,Dealer,Automatic,0,4.91
2007,5.35,97124,Petrol,Individual,Manual,1,0.56
2020,21.96,96659,Petrol,Dealer,Manual,0,16.72
2007,11.17,80713,Petrol,Individual,Manual,1,0.5
2022,20.97,80418,Diesel,Individual,Automatic,0,20.5
2018,6.67,133232,Petrol,Dealer,Manual,1,4.6
2022,17.62,149059,CNG,Individual,Automatic,1,14.1
2006,19.34,36575,Diesel,Dealer,Automatic,1,2.61
2007,3.24,68852,Petrol,Dealer,Manual,0,0.5
2020,12.78,137079,Diesel,Individual,Automatic,1,10.73
2013,6.0,81242,Diesel,Individual,Automatic,0,4.66
2008,3.62,34257,Diesel,Individual,Manual,0,0.76
2005,34.66,149353,Petrol,Dealer,Manual,0,0.5
2008,12.3,66246,Petrol,Dealer,Automatic,0,3.18
2005,28.63,6435,Petrol,Individual,Manual,0,2.23
2018,10.03,96357,Petrol,Dealer,Automatic,1,6.66
2020,24.33,141156,Diesel,Dealer,Automatic,0,19.54
2012,26.97,149579,Diesel,Dealer,Manual,0,10.28
2011,21.45,88807,Petrol,Individual,Manual,2,6.77
2007,17.3,120953,Diesel,Dealer,Manual,0,2.22
2021,15.3,143563,Petrol,Individual,Manual,1,12.08
2005,13.19,128797,Petrol,Individual,Manual,1,0.5
2020,32.64,68888,Diesel,Dealer,Manual,2,25.42
2016,29.33,78609,Petrol,Dealer,Manual,1,17.23
2018,33.83,14077,Petrol,Dealer,Automatic,1,23.62
2010,5.66,25953,Petrol,Individual,Automatic,1,1.61
2010,25.98,119682,Petrol,Dealer,Manual,0,7.67
2017,32.93,72889,CNG,Dealer,Manual,1,20.05
2012,7.57,120374,Diesel,Dealer,Manual,0,2.4
2006,3.73,29860,CNG,Individual,Manual,2,0.5
2005,26.33,82475,Diesel,Dealer,Automatic,0,2.61
2019,20.74,92266,Petrol,Individual,Automatic,1,15.33
2005,29.7,105732,Petrol,Individual,Automatic,0,0.87
2009,6.18,32083,Diesel,Dealer,Automatic,1,2.7
2020,28.14,62372,Petrol,Individual,Manual,0,21.87
2008,8.25,128786,Diesel,Dealer,Automatic,2,0.88
2007,6.98,12813,Diesel,Individual,Manual,1,0.97
2021,7.0,36598,Petrol,Individual,Automatic,0,7.35
2021,28.79,98106,CNG,Individual,Manual,1,23.34
2016,23.78,32082,Diesel,Dealer,Automatic,1,15.25
2018,19.02,34241,Diesel,Dealer,Automatic,1,14.38
2010,13.52,16745,Petrol,Dealer,Manual,0,4.24
2007,30.89,31029,Petrol,Dealer,Manual,0,5.24
2013,14.65,149097,Petrol,Dealer,Automatic,0,6.12
2009,28.86,128395,Petrol,Dealer,Manual,0,5.95
2021,16.21,94186,Petrol,Dealer,Manual,2,11.87
2018,14.13,142612,Diesel,Dealer,Manual,0,9.59
2007,17.0,102768,Petrol,Individual,Manual,1,1.07
2005,11.6,46846,Diesel,Dealer,Automatic,0,1.63
2005,26.54,80932,CNG,Dealer,Manual,1,0.57
2007,18.34,28411,Diesel,Dealer,Manual,1,3.32
2022,9.28,83797,Petrol,Dealer,Manual,2,7.31
2014,31.64,57307,Diesel,Individual,Manual,0,15.78
2007,14.36,139165,Petrol,Dealer,Manual,0,1.7
2012,19.71,27042,Petrol,Individual,Manual,0,7.13
2018,31.87,57930,Diesel,Individual,Manual,0,22.5
2022,22.41,102883,Petrol,Individual,Manual,0,19.85
2019,5.42,38756,Petrol,Individual,Automatic,0,4.65
2006,32.98,58268,Diesel,Individual,Manual,0,3.76
2014,22.53,53901,Petrol,Individual,Manual,1,10.21
2006,12.72,104986,Petrol,Individual,Manual,0,1.44
2021,6.17,133386,Petrol,Dealer,Manual,0,5.67
2012,28.1,10626,Diesel,Individual,Manual,0,10.73
2005,22.27,143496,Diesel,Dealer,Manual,1,0.5
2013,19.37,17857,Petrol,Individual,Automatic,2,8.55
2015,31.45,138052,Petrol,Dealer,Manual,1,16.05
2020,27.92,31431,Petrol,Dealer,Manual,1,22.92
2011,6.58,89976,Petrol,Dealer,Automatic,0,2.68
2014,11.94,87711,Diesel,Dealer,Manual,1,6.47
2007,9.82,31385,Petrol,Dealer,Manual,0,0.5
2022,26.42,23639,Petrol,Dealer,Manual,0,24.15
2017,2.62,90530,Diesel,Dealer,Manual,1,0.92
2011,20.59,26563,Diesel,Dealer,Automatic,2,7.03
2008,27.04,120672,Diesel,Individual,Automatic,0,5.86
2017,30.87,141848,Petrol,Dealer,Automatic,1,18.8
2005,12.96,144783,Petrol,Dealer,Manual,1,0.5
2012,29.01,87970,Petrol,Individual,Manual,0,11.28
2018,5.21,90553,Petrol,Dealer,Manual,0,3.35
2020,29.86,87879,Diesel,Dealer,Manual,0,24.48
2018,5.77,141727,Diesel,Individual,Manual,0,4.74
2016,14.81,49859,Diesel,Individual,Automatic,0,9.62
2019,28.21,57098,Diesel,Dealer,Manual,0,21.66
2006,6.52,127413,Petrol,Dealer,Manual,0,0.5
2006,9.18,5526,Diesel,Individual,Manual,1,1.22
2021,25.7,73760,Petrol,Individual,Manual,1,21.31
2014,25.62,52837,Petrol,Dealer,Manual,3,12.3
2010,22.98,16536,Petrol,Individual,Automatic,0,7.24
2019,24.75,33541,Petrol,Dealer,Manual,1,17.08
2015,19.68,84083,Petrol,Dealer,Automatic,2,9.88
2009,9.94,39531,CNG,Dealer,Manual,1,2.34
2005,13.08,13712,Petrol,Individual,Automatic,0,1.3
2012,7.58,109101,Petrol,Dealer,Automatic,1,2.51
2016,31.93,70455,Petrol,Individual,Manual,0,18.16
2016,21.04,79744,Diesel,Dealer,Manual,0,12.86
2009,14.93,134749,Diesel,Dealer,Automatic,1,4.25
2011,16.98,10109,Diesel,Dealer,Manual,1,6.18
2008,33.23,54268,Petrol,Individual,Automatic,0,6.92
2010,6.64,59615,Diesel,Dealer,Manual,2,1.48
2017,21.14,87503,Petrol,Dealer,Manual,1,12.99
2019,18.45,90708,Diesel,Individual,Automatic,0,14.7
2007,21.98,107471,Diesel,Dealer,Automatic,2,2.45
2012,2.11,88309,Petrol,Individual,Manual,0,0.52
2020,30.72,131446,Petrol,Dealer,Automatic,3,23.15
2017,32.73,111661,Petrol,Individual,Manual,1,20.94
2022,20.43,11154,Petrol,Dealer,Manual,0,18.41
2014,24.84,69288,Petrol,Individual,Manual,1,12.17
2021,32.4,56195,Diesel,Dealer,Manual,1,27.18
2009,25.19,25581,Petrol,Dealer,Automatic,1,6.31
2013,6.61,35087,Petrol,Dealer,Manual,3,2.5
2016,20.81,74298,Petrol,Dealer,Manual,1,11.98
2005,21.82,51167,Petrol,Dealer,Manual,1,0.5
2005,15.71,44499,Diesel,Individual,Manual,2,0.8
2019,26.17,130816,Petrol,Dealer,Manual,1,18.25
2006,32.8,101347,Diesel,Individual,Automatic,0,4.11
2020,32.51,53787,Diesel,Individual,Manual,2,26.54
2012,16.6,40488,Diesel,Individual,Automatic,0,6.78
2017,5.29,79441,Diesel,Dealer,Automatic,1,3.74
2005,34.49,27431,Petrol,Dealer,Manual,2,1.03
2020,29.6,66681,CNG,Individual,Automatic,1,24.11
2011,5.68,127720,Petrol,Individual,Automatic,1,0.9
2009,32.35,54153,Petrol,Dealer,Manual,1,6.5
2007,30.64,11368,Diesel,Dealer,Manual,0,5.69
2016,18.88,117360,CNG,Dealer,Manual,2,9.51
2020,21.31,117755,Diesel,Individual,Manual,0,16.5
2009,14.87,61985,Petrol,Dealer,Automatic,0,5.04
2018,3.33,55069,Petrol,Dealer,Manual,0,2.1
2009,12.73,57326,CNG,Individual,Automatic,1,3.24
2019,28.4,113737,Petrol,Dealer,Manual,1,20.22
2021,1.66,55861,Diesel,Dealer,Manual,1,0.5
2018,12.67,80897,Diesel,Individual,Automatic,0,10.07
2009,14.84,132118,Petrol,Individual,Manual,0,3.3
2016,19.5,73577,Petrol,Dealer,Manual,0,11.43
2020,32.32,14078,Petrol,Dealer,Manual,0,25.72
2020,13.1,67768,Petrol,Dealer,Manual,1,9.57
2011,13.12,56047,Diesel,Dealer,Manual,0,5.36
2008,26.21,76626,Petrol,Individual,Manual,0,4.77
2005,16.65,62660,Diesel,Dealer,Manual,0,0.98
2009,9.02,137997,Petrol,Dealer,Automatic,0,2.58
2014,16.66,122832,CNG,Dealer,Manual,0,7.84
2009,6.22,135406,Petrol,Dealer,Manual,0,1.86
2008,7.41,130150,Petrol,Dealer,Manual,1,0.5
2006,18.2,38320,Petrol,Individual,Automatic,1,2.11
2014,15.53,69881,Diesel,Dealer,Manual,1,7.09
2005,32.15,95827,Diesel,Individual,Manual,3,0.5
2009,13.64,107215,Diesel,Individual,Manual,0,3.1
2017,20.95,139461,Petrol,Dealer,Manual,1,12.55
2008,22.68,149701,Petrol,Dealer,Automatic,3,3.35
2020,1.94,66550,Petrol,Dealer,Automatic,0,1.01
2020,23.73,29826,Petrol,Dealer,Manual,2,17.71
2006,7.46,105734,Petrol,Dealer,Manual,0,0.5
2021,33.7,103511,CNG,Dealer,Manual,0,27.6
2016,6.48,16653,CNG,Dealer,Automatic,0,3.84
2022,15.39,86941,CNG,Individual,Automatic,1,12.36
2007,4.36,38662,Diesel,Dealer,Manual,1,0.5
2005,34.9,103818,Petrol,Individual,Automatic,1,0.84
2005,18.32,100081,Petrol,Dealer,Automatic,0,0.53
2015,21.45,41877,Petrol,Individual,Manual,0,11.43
2009,3.75,116562,Diesel,Dealer,Manual,0,0.5
2016,26.62,77715,Petrol,Dealer,Manual,0,14.88
2007,8.53,146398,Petrol,Individual,Automatic,2,0.5
2005,31.58,115091,Petrol,Dealer,Automatic,0,1.88
2005,8.37,137632,Petrol,Dealer,Automatic,1,0.5
2012,7.89,84148,Diesel,Individual,Automatic,1,3.3
2014,2.72,88186,Diesel,Dealer,Manual,0,1.26
2015,17.31,128629,Petrol,Dealer,Automatic,1,9.18
2016,20.42,75316,CNG,Individual,Automatic,0,13.52
2017,3.7,33380,Diesel,Individual,Manual,0,1.8
2016,27.48,115198,Petrol,Individual,Manual,0,15.66
2018,16.69,7356,Petrol,Dealer,Automatic,1,10.91
2006,19.07,75326,Petrol,Individual,Manual,0,1.75
2022,16.27,97447,Petrol,Dealer,Automatic,1,14.37
2007,14.93,119994,CNG,Individual,Manual,1,1.36
2021,20.25,25049,Petrol,Individual,Manual,0,17.18
2012,6.7,110361,Diesel,Individual,Automatic,1,3.52
2014,7.59,21082,Petrol,Individual,Manual,1,3.61
2006,30.37,5661,Petrol,Dealer,Manual,0,3.51
2013,33.19,7920,Petrol,Individual,Manual,0,14.26
2011,14.01,84561,Petrol,Individual,Automatic,1,5.5
2008,10.57,13946,Petrol,Dealer,Manual,0,1.61
2022,23.07,21309,CNG,Individual,Automatic,1,20.56
2017,15.19,60230,Petrol,Dealer,Manual,0,9.73
2015,2.35,116822,Diesel,Individual,Automatic,0,2.09
2008,6.73,117340,Petrol,Individual,Automatic,0,0.82
2008,25.49,64321,Petrol,Individual,Manual,0,4.67
2014,23.57,137028,Petrol,Dealer,Manual,1,11.59
2009,2.41,79131,Diesel,Dealer,Manual,0,0.5
2013,8.94,30963,Petrol,Dealer,Manual,1,4.36
2007,9.24,106757,Petrol,Individual,Manual,2,0.5
2021,24.01,104259,Diesel,Dealer,Manual,1,18.58
2007,2.16,44063,Petrol,Dealer,Manual,1,0.5
2020,4.99,119225,Petrol,Individual,Manual,0,2.82
2008,28.3,121400,Petrol,Dealer,Manual,0,4.68
2022,7.48,85818,CNG,Individual,Manual,1,5.84
2021,23.37,9703,Diesel,Individual,Automatic,0,19.39
2011,9.48,77099,Petrol,Individual,Manual,1,2.64
2009,4.83,36585,Petrol,Dealer,Manual,0,0.5
2016,9.65,48585,CNG,Dealer,Manual,1,5.98
2021,25.7,31958,Diesel,Dealer,Automatic,2,21.92
2017,30.17,31017,Petrol,Dealer,Automatic,2,19.92
2007,29.31,129677,Diesel,Dealer,Automatic,1,5.21
2013,14.81,148273,Petrol,Dealer,Automatic,1,6.87
2021,23.88,34426,Petrol,Individual,Manual,1,19.39
2021,8.37,22778,Diesel,Individual,Automatic,1,7.45
2020,11.32,47229,Petrol,Dealer,Automatic,0,9.38
2017,31.53,91652,CNG,Individual,Manual,0,20.42
2021,1.94,133267,Diesel,Individual,Automatic,0,1.88
2008,4.36,131503,Diesel,Individual,Manual,3,0.5
2016,8.46,89878,Petrol,Individual,Manual,0,4.79
2013,2.39,62056,Petrol,Dealer,Manual,1,0.5
2016,7.58,24975,Petrol,Dealer,Manual,1,3.44
2013,21.03,147633,Diesel,Dealer,Automatic,1,9.43
2011,15.62,93397,Petrol,Dealer,Manual,1,4.58
2018,31.4,38142,Petrol,Individual,Manual,0,22.05
2019,28.88,31916,Diesel,Individual,Manual,1,22.0
2020,12.95,69324,Petrol,Dealer,Automatic,1,9.65
2009,10.19,130932,Diesel,Dealer,Manual,0,1.91
2007,14.22,140720,Petrol,Individual,Manual,0,0.85
2016,21.27,101059,CNG,Dealer,Automatic,1,13.4
2008,10.48,103317,Petrol,Dealer,Automatic,1,1.81
2020,22.41,40046,Petrol,Individual,Manual,0,17.74
2011,15.22,106459,Petrol,Dealer,Automatic,1,5.13
2017,19.99,50893,Petrol,Dealer,Automatic,1,12.61
2014,16.11,106520,Diesel,Dealer,Automatic,0,9.66
2011,11.36,130818,Diesel,Individual,Manual,3,2.87
2018,33.27,66272,Diesel,Dealer,Manual,1,23.08
2009,27.08,72649,Petrol,Dealer,Manual,1,5.34
2007,6.19,69674,Petrol,Dealer,Manual,1,0.5
2015,30.59,149832,Petrol,Dealer,Manual,0,15.89
2015,17.83,91475,Diesel,Dealer,Manual,0,9.43
2022,31.47,66367,Diesel,Individual,Manual,0,27.85
2019,28.3,148660,Petrol,Dealer,Manual,0,20.26
2016,15.74,126750,Petrol,Individual,Manual,0,8.68
2013,2.25,123154,Diesel,Dealer,Automatic,2,0.88
2014,10.5,49738,Diesel,Dealer,Manual,1,4.8
2016,19.64,38397,Diesel,Dealer,Manual,1,11.09
2021,22.72,87189,Diesel,Dealer,Automatic,2,18.69
2010,10.14,81367,Petrol,Dealer,Manual,1,2.96
2011,6.17,125585,Petrol,Dealer,Automatic,0,1.48
2018,29.47,81619,Diesel,Dealer,Automatic,0,21.64
2017,34.48,116453,Diesel,Individual,Manual,1,22.24
2012,19.11,24816,Petrol,Dealer,Automatic,1,7.75
2014,7.25,142348,Diesel,Individual,Manual,0,4.47
2013,10.62,84530,Diesel,Individual,Manual,1,4.76
2022,2.12,113856,Diesel,Dealer,Manual,0,2.94
2006,32.13,76635,Diesel,Dealer,Manual,1,2.54
2009,5.44,112803,Petrol,Dealer,Automatic,1,0.72
2009,20.81,40946,Petrol,Dealer,Manual,1,4.91
2010,10.68,60204,Petrol,Dealer,Manual,3,1.55
2012,20.06,20563,Diesel,Individual,Manual,1,9.03
2020,23.32,97324,Diesel,Dealer,Manual,2,18.07
2017,29.3,14847,Diesel,Dealer,Manual,2,18.04
2005,8.42,31155,Petrol,Individual,Manual,1,0.5
2021,1.87,84671,Diesel,Dealer,Automatic,1,1.92
2011,6.09,121891,Diesel,Individual,Manual,0,1.97
2017,31.65,88310,Diesel,Dealer,Manual,0,20.82
2008,30.78,136691,Diesel,Dealer,Manual,1,6.3
2008,21.51,39707,Diesel,Dealer,Manual,0,5.25
2010,21.62,86537,Petrol,Dealer,Automatic,0,6.41
2016,23.78,96155,Petrol,Individual,Manual,3,11.81
2011,7.37,5281,Petrol,Dealer,Manual,2,1.01
2014,32.13,137130,Petrol,Individual,Manual,1,14.54
2011,15.53,81260,Diesel,Dealer,Automatic,0,6.01
2007,14.34,145272,Diesel,Dealer,Manual,0,2.11
2017,18.88,69178,Petrol,Dealer,Manual,0,11.45
2017,3.07,38997,Petrol,Dealer,Automatic,0,2.67
2022,7.07,124273,Diesel,Individual,Manual,0,6.46
2012,26.22,137311,Petrol,Dealer,Automatic,0,10.59
2013,4.27,131945,Petrol,Dealer,Automatic,2,0.5
2011,21.71,50272,Petrol,Dealer,Manual,1,7.23
2005,9.72,94393,Petrol,Dealer,Manual,0,1.26
2007,14.54,66212,Petrol,Dealer,Manual,0,2.0
2017,11.17,125030,Petrol,Dealer,Manual,1,4.46
2021,13.42,61503,Petrol,Individual,Automatic,0,12.54
2005,25.59,142710,Diesel,Dealer,Manual,2,0.5
2010,11.45,11570,Petrol,Dealer,Manual,0,4.74
2010,20.47,73785,Diesel,Dealer,Automatic,0,7.04
2016,17.45,14110,Petrol,Dealer,Manual,0,9.39
2017,23.73,84141,Petrol,Individual,Manual,0,13.76
2017,32.88,17115,Diesel,Dealer,Manual,1,22.31
2019,26.04,44062,Petrol,Dealer,Manual,1,19.57
2020,8.7,27911,Petrol,Individual,Automatic,1,8.46
2015,2.54,109061,Diesel,Dealer,Manual,0,1.36
2009,10.29,37556,Diesel,Dealer,Manual,1,2.45
2008,21.44,133335,Petrol,Individual,Manual,1,2.99
